{
  "project_info": {
    "project_number": "772437466025",
    "firebase_url": "https://napp-new.firebaseio.com",
    "project_id": "napp-new",
    "storage_bucket": "napp-new.appspot.com"
  },
  "client": [
    {
      "client_info": {
        "mobilesdk_app_id": "1:772437466025:android:0b89460be2fa39f7",
        "android_client_info": {
          "package_name": "com.example.napp"
        }
      },
      "oauth_client": [
        {
          "client_id": "772437466025-a9lu3q382bokgsmoni537mfphvs2gbm2.apps.googleusercontent.com",
          "client_type": 1,
          "android_info": {
            "package_name": "com.example.napp",
            "certificate_hash": "c56456dc270bad147771e8c0905a0810592dbddb"
          }
        },
        {
          "client_id": "772437466025-l8j1nonusjnr2eri7u4f40fr95lsidu1.apps.googleusercontent.com",
          "client_type": 1,
          "android_info": {
            "package_name": "com.example.napp",
            "certificate_hash": "d0335e41b061f971d9f87754f839074454c5e598"
          }
        },
        {
          "client_id": "772437466025-qiscedoqvhjo4evcifnjgt2926d7otd5.apps.googleusercontent.com",
          "client_type": 1,
          "android_info": {
            "package_name": "com.example.napp",
            "certificate_hash": "c3e65331629b88cc948caa6243d3b177a907feed"
          }
        }
      ],
      "api_key": [
        {
          "current_key": "AIzaSyBjbRN3niySLbKNJJ9yzmvsCapmWFOdRn4"
        }
      ],
      "services": {
        "appinvite_service": {
          "other_platform_oauth_client": [
            {
              "client_id": "772437466025-8q7f95ventcieoi93fe4reug2n61qtvb.apps.googleusercontent.com",
              "client_type": 3
            }
          ]
        }
      }
    }
  ],
  "configuration_version": "1"
}